{
  "accuracy": 0.6942771084337349,
  "f1_macro": 0.6831810599481277,
  "f1_weighted": 0.6839485814770501,
  "f1_per_class": {
    "neutral": 0.7699180938198064,
    "happy": 0.8561816652649286,
    "sad": 0.5966850828729282,
    "surprise": 0.6364372469635627,
    "fear": 0.5494994438264739,
    "anger": 0.6903648269410664
  },
  "classification_report": {
    "neutral": {
      "precision": 0.6636713735558408,
      "recall": 0.9166666666666666,
      "f1-score": 0.7699180938198064,
      "support": 564.0
    },
    "happy": {
      "precision": 0.8066561014263075,
      "recall": 0.9121863799283154,
      "f1-score": 0.8561816652649286,
      "support": 558.0
    },
    "sad": {
      "precision": 0.7520891364902507,
      "recall": 0.4945054945054945,
      "f1-score": 0.5966850828729282,
      "support": 546.0
    },
    "surprise": {
      "precision": 0.5779411764705882,
      "recall": 0.7081081081081081,
      "f1-score": 0.6364372469635627,
      "support": 555.0
    },
    "fear": {
      "precision": 0.7097701149425287,
      "recall": 0.4482758620689655,
      "f1-score": 0.5494994438264739,
      "support": 551.0
    },
    "anger": {
      "precision": 0.7055449330783938,
      "recall": 0.6758241758241759,
      "f1-score": 0.6903648269410664,
      "support": 546.0
    },
    "accuracy": 0.6942771084337349,
    "macro avg": {
      "precision": 0.7026121393273183,
      "recall": 0.6925944478502877,
      "f1-score": 0.6831810599481277,
      "support": 3320.0
    },
    "weighted avg": {
      "precision": 0.7024498938374589,
      "recall": 0.6942771084337349,
      "f1-score": 0.6839485814770501,
      "support": 3320.0
    }
  },
  "num_samples": 3320,
  "per_class_accuracy": {
    "neutral": 0.9166666666666666,
    "happy": 0.9121863799283154,
    "sad": 0.4945054945054945,
    "surprise": 0.7081081081081081,
    "fear": 0.4482758620689655,
    "anger": 0.6758241758241759
  }
}