{
  "accuracy": 0.8820754716981132,
  "f1_macro": 0.8614477859770361,
  "f1_weighted": 0.8826596068343869,
  "f1_per_class": {
    "angry": 0.8620689655172413,
    "fear": 0.8823529411764706,
    "happy": 0.9647058823529412,
    "sad": 0.6857142857142857,
    "surprise": 0.8888888888888888,
    "neutral": 0.8849557522123894
  },
  "classification_report": {
    "angry": {
      "precision": 0.78125,
      "recall": 0.9615384615384616,
      "f1-score": 0.8620689655172413,
      "support": 26.0
    },
    "fear": {
      "precision": 0.9375,
      "recall": 0.8333333333333334,
      "f1-score": 0.8823529411764706,
      "support": 18.0
    },
    "happy": {
      "precision": 0.9534883720930233,
      "recall": 0.9761904761904762,
      "f1-score": 0.9647058823529412,
      "support": 42.0
    },
    "sad": {
      "precision": 0.6666666666666666,
      "recall": 0.7058823529411765,
      "f1-score": 0.6857142857142857,
      "support": 17.0
    },
    "surprise": {
      "precision": 0.88,
      "recall": 0.8979591836734694,
      "f1-score": 0.8888888888888888,
      "support": 49.0
    },
    "neutral": {
      "precision": 0.9433962264150944,
      "recall": 0.8333333333333334,
      "f1-score": 0.8849557522123894,
      "support": 60.0
    },
    "accuracy": 0.8820754716981132,
    "macro avg": {
      "precision": 0.8603835441957974,
      "recall": 0.8680395235017083,
      "f1-score": 0.8614477859770361,
      "support": 212.0
    },
    "weighted avg": {
      "precision": 0.8881656535195566,
      "recall": 0.8820754716981132,
      "f1-score": 0.8826596068343869,
      "support": 212.0
    }
  },
  "num_samples": 212,
  "per_class_accuracy": {
    "angry": 0.9615384615384616,
    "fear": 0.8333333333333334,
    "happy": 0.9761904761904762,
    "sad": 0.7058823529411765,
    "surprise": 0.8979591836734694,
    "neutral": 0.8333333333333334
  }
}