{
  "accuracy": 0.5713855421686747,
  "f1_macro": 0.5481474192953049,
  "f1_weighted": 0.549381947797635,
  "f1_per_class": {
    "neutral": 0.6715135492399207,
    "happy": 0.8227194492254734,
    "sad": 0.4134831460674157,
    "surprise": 0.5065434949961509,
    "fear": 0.3396704689480355,
    "anger": 0.5349544072948328
  },
  "classification_report": {
    "neutral": {
      "precision": 0.5353003161222339,
      "recall": 0.900709219858156,
      "f1-score": 0.6715135492399207,
      "support": 564.0
    },
    "happy": {
      "precision": 0.7913907284768212,
      "recall": 0.8566308243727598,
      "f1-score": 0.8227194492254734,
      "support": 558.0
    },
    "sad": {
      "precision": 0.5348837209302325,
      "recall": 0.336996336996337,
      "f1-score": 0.4134831460674157,
      "support": 546.0
    },
    "surprise": {
      "precision": 0.4422043010752688,
      "recall": 0.5927927927927928,
      "f1-score": 0.5065434949961509,
      "support": 555.0
    },
    "fear": {
      "precision": 0.5630252100840336,
      "recall": 0.24319419237749546,
      "f1-score": 0.3396704689480355,
      "support": 551.0
    },
    "anger": {
      "precision": 0.5986394557823129,
      "recall": 0.4835164835164835,
      "f1-score": 0.5349544072948328,
      "support": 546.0
    },
    "accuracy": 0.5713855421686747,
    "macro avg": {
      "precision": 0.5775739554118172,
      "recall": 0.5689733083190042,
      "f1-score": 0.5481474192953049,
      "support": 3320.0
    },
    "weighted avg": {
      "precision": 0.5777287160003411,
      "recall": 0.5713855421686747,
      "f1-score": 0.549381947797635,
      "support": 3320.0
    }
  },
  "num_samples": 3320,
  "per_class_accuracy": {
    "neutral": 0.900709219858156,
    "happy": 0.8566308243727598,
    "sad": 0.336996336996337,
    "surprise": 0.5927927927927928,
    "fear": 0.24319419237749546,
    "anger": 0.4835164835164835
  }
}