{
  "accuracy": 0.5953354535817053,
  "f1_macro": 0.55215495606869,
  "f1_weighted": 0.5851113240765827,
  "f1_per_class": {
    "angry": 0.7387598194885509,
    "disgust": 0.8201068672075994,
    "fear": 0.48459563543003853,
    "happy": 0.4367752622860298,
    "neutral": 0.4189723320158103,
    "sad": 0.43132530120481927,
    "surprise": 0.5345494748479823
  },
  "classification_report": {
    "angry": {
      "precision": 0.6113416320885201,
      "recall": 0.933277027027027,
      "f1-score": 0.7387598194885509,
      "support": 2368.0
    },
    "disgust": {
      "precision": 0.8820774797786292,
      "recall": 0.7662721893491125,
      "f1-score": 0.8201068672075994,
      "support": 2704.0
    },
    "fear": {
      "precision": 0.49281984334203655,
      "recall": 0.47664141414141414,
      "f1-score": 0.48459563543003853,
      "support": 1584.0
    },
    "happy": {
      "precision": 0.46474735605170386,
      "recall": 0.4119791666666667,
      "f1-score": 0.4367752622860298,
      "support": 1920.0
    },
    "neutral": {
      "precision": 0.6120092378752887,
      "recall": 0.31850961538461536,
      "f1-score": 0.4189723320158103,
      "support": 1664.0
    },
    "sad": {
      "precision": 0.4323671497584541,
      "recall": 0.43028846153846156,
      "f1-score": 0.43132530120481927,
      "support": 1248.0
    },
    "surprise": {
      "precision": 0.5089473684210526,
      "recall": 0.5628637951105937,
      "f1-score": 0.5345494748479823,
      "support": 1718.0
    },
    "accuracy": 0.5953354535817053,
    "macro avg": {
      "precision": 0.5720442953308121,
      "recall": 0.5571188098882702,
      "f1-score": 0.55215495606869,
      "support": 13206.0
    },
    "weighted avg": {
      "precision": 0.6010968650045801,
      "recall": 0.5953354535817053,
      "f1-score": 0.5851113240765827,
      "support": 13206.0
    }
  },
  "num_samples": 13206,
  "per_class_accuracy": {
    "angry": 0.933277027027027,
    "disgust": 0.7662721893491125,
    "fear": 0.47664141414141414,
    "happy": 0.4119791666666667,
    "neutral": 0.31850961538461536,
    "sad": 0.43028846153846156,
    "surprise": 0.5628637951105937
  }
}