{
  "accuracy": 0.08106194690265486,
  "f1_macro": 0.08238925814555216,
  "f1_weighted": 0.07948678188563464,
  "f1_per_class": {
    "neutral": 0.08048780487804878,
    "happy": 0.04238921001926782,
    "sad": 0.06125574272588055,
    "surprise": 0.011049723756906077,
    "fear": 0.16142270861833105,
    "anger": 0.13773035887487875
  },
  "classification_report": {
    "neutral": {
      "precision": 0.10185185185185185,
      "recall": 0.06653225806451613,
      "f1-score": 0.08048780487804878,
      "support": 496.0
    },
    "happy": {
      "precision": 0.0694006309148265,
      "recall": 0.030513176144244106,
      "f1-score": 0.04238921001926782,
      "support": 721.0
    },
    "sad": {
      "precision": 0.04860267314702309,
      "recall": 0.08281573498964803,
      "f1-score": 0.06125574272588055,
      "support": 483.0
    },
    "surprise": {
      "precision": 0.009828009828009828,
      "recall": 0.012618296529968454,
      "f1-score": 0.011049723756906077,
      "support": 317.0
    },
    "fear": {
      "precision": 0.18322981366459629,
      "recall": 0.14425427872860636,
      "f1-score": 0.16142270861833105,
      "support": 409.0
    },
    "anger": {
      "precision": 0.11234177215189874,
      "recall": 0.17794486215538846,
      "f1-score": 0.13773035887487875,
      "support": 399.0
    },
    "accuracy": 0.08106194690265486,
    "macro avg": {
      "precision": 0.08754245859303439,
      "recall": 0.0857797677687286,
      "f1-score": 0.08238925814555216,
      "support": 2825.0
    },
    "weighted avg": {
      "precision": 0.08740258567469988,
      "recall": 0.08106194690265486,
      "f1-score": 0.07948678188563464,
      "support": 2825.0
    }
  },
  "num_samples": 2825,
  "per_class_accuracy": {
    "neutral": 0.06653225806451613,
    "happy": 0.030513176144244106,
    "sad": 0.08281573498964803,
    "surprise": 0.012618296529968454,
    "fear": 0.14425427872860636,
    "anger": 0.17794486215538846
  }
}