{
  "train_loss": [
    1.083176733718978,
    0.7414149848314432,
    0.7059629199087111,
    0.6834417840099742,
    0.6738217880583217,
    0.6662560529433764,
    0.6611697752761025,
    0.6565008694544817,
    0.6515248402571067
  ],
  "train_acc": [
    72.75641025641026,
    92.62486645299145,
    94.34762286324786,
    95.34588675213675,
    95.82665598290598,
    96.04033119658119,
    96.34748931623932,
    96.58453525641026,
    96.73477564102564
  ],
  "val_loss": [
    0.8435775101184845,
    0.7244180500507355,
    0.7682480275630951,
    0.767015528678894,
    0.7509785711765289,
    0.7484097361564637,
    0.7635972797870636,
    0.7629429519176483,
    0.783176201581955
  ],
  "val_acc": [
    83.5,
    92.66666666666667,
    90.5,
    92.33333333333333,
    92.5,
    92.5,
    92.33333333333333,
    92.66666666666667,
    91.66666666666667
  ]
}