{
  "train_loss": [
    1.7718421768497776,
    1.6259589259688918,
    1.3539850035229244,
    1.1633299879125647,
    1.0613161550985801,
    0.9697283329190435,
    0.9142547813621728,
    0.8686203199463922,
    0.831694171235368,
    0.8036908974518647,
    0.7889809866209287,
    0.7923888419125531,
    0.7558895720017923,
    0.7704067423536971,
    0.7575405223949535,
    0.7597438193656303,
    0.7526383254979108,
    0.7331500520577302,
    0.7483962999807822,
    0.7283041332219098,
    0.7210648704219509,
    0.7244602683428172,
    0.7138214642937118,
    0.7216021015837386,
    0.7208314811861193,
    0.7180892615704924,
    0.7130976045453871,
    0.7013177791157285,
    0.6998988776593595
  ],
  "train_acc": [
    24.366554054054053,
    45.05912162162162,
    59.501689189189186,
    68.83445945945945,
    75.80236486486487,
    80.91216216216216,
    83.74155405405405,
    86.40202702702703,
    88.38682432432432,
    89.31587837837837,
    90.37162162162163,
    90.28716216216216,
    92.52533783783784,
    91.04729729729729,
    92.82094594594595,
    92.10304054054055,
    92.27195945945945,
    93.32770270270271,
    92.27195945945945,
    93.49662162162163,
    93.66554054054055,
    93.66554054054055,
    93.96114864864865,
    93.45439189189189,
    93.11655405405405,
    93.11655405405405,
    93.6233108108108,
    94.5945945945946,
    94.5945945945946
  ],
  "val_loss": [
    1.749416136741638,
    1.5557871222496034,
    1.2709328889846803,
    1.1858371019363403,
    1.1200022041797637,
    1.0810814261436463,
    1.0407340586185456,
    0.9930692195892334,
    1.0001164197921752,
    0.9424845993518829,
    0.908636349439621,
    0.8514102160930633,
    0.8743804037570954,
    0.8478026211261749,
    0.8621389865875244,
    0.8501180231571197,
    0.8087816715240479,
    0.8076297163963317,
    0.7991345405578614,
    0.8246463298797607,
    0.8094833552837372,
    0.7931426465511322,
    0.7919303953647614,
    0.800649094581604,
    0.7988238215446473,
    0.8065695762634277,
    0.8022673308849335,
    0.7917572855949402,
    0.7884265601634979
  ],
  "val_acc": [
    35.5,
    51.166666666666664,
    64.5,
    65.33333333333333,
    68.0,
    69.16666666666667,
    73.33333333333333,
    79.0,
    76.33333333333333,
    80.16666666666667,
    82.0,
    86.66666666666667,
    86.0,
    88.16666666666667,
    86.0,
    86.0,
    86.33333333333333,
    86.5,
    88.83333333333333,
    87.5,
    89.5,
    89.66666666666667,
    88.33333333333333,
    87.0,
    89.0,
    87.0,
    88.5,
    89.16666666666667,
    88.33333333333333
  ]
}