{
  "accuracy": 0.7075301204819278,
  "f1_macro": 0.6981360013869614,
  "f1_weighted": 0.6988505512121815,
  "f1_per_class": {
    "neutral": 0.7818317200297841,
    "happy": 0.866779089376054,
    "sad": 0.6377649325626205,
    "surprise": 0.6382608695652174,
    "fear": 0.5743243243243243,
    "anger": 0.6898550724637681
  },
  "classification_report": {
    "neutral": {
      "precision": 0.6739409499358151,
      "recall": 0.9308510638297872,
      "f1-score": 0.7818317200297841,
      "support": 564.0
    },
    "happy": {
      "precision": 0.8184713375796179,
      "recall": 0.921146953405018,
      "f1-score": 0.866779089376054,
      "support": 558.0
    },
    "sad": {
      "precision": 0.6727642276422764,
      "recall": 0.6062271062271062,
      "f1-score": 0.6377649325626205,
      "support": 546.0
    },
    "surprise": {
      "precision": 0.6168067226890757,
      "recall": 0.6612612612612613,
      "f1-score": 0.6382608695652174,
      "support": 555.0
    },
    "fear": {
      "precision": 0.7566765578635015,
      "recall": 0.4627949183303085,
      "f1-score": 0.5743243243243243,
      "support": 551.0
    },
    "anger": {
      "precision": 0.7300613496932515,
      "recall": 0.6538461538461539,
      "f1-score": 0.6898550724637681,
      "support": 546.0
    },
    "accuracy": 0.7075301204819278,
    "macro avg": {
      "precision": 0.711453524233923,
      "recall": 0.7060212428166058,
      "f1-score": 0.6981360013869614,
      "support": 3320.0
    },
    "weighted avg": {
      "precision": 0.7114484885041117,
      "recall": 0.7075301204819278,
      "f1-score": 0.6988505512121815,
      "support": 3320.0
    }
  },
  "num_samples": 3320,
  "per_class_accuracy": {
    "neutral": 0.9308510638297872,
    "happy": 0.921146953405018,
    "sad": 0.6062271062271062,
    "surprise": 0.6612612612612613,
    "fear": 0.4627949183303085,
    "anger": 0.6538461538461539
  }
}