{
  "train_loss": [
    1.9992026890277943,
    1.9080034383229818,
    1.8461971415391252,
    1.7998156850885125,
    1.7660741763506151,
    1.7338805448346781,
    1.7087144396878957,
    1.6888208495795027,
    1.673054965603062,
    1.6668356125476669,
    1.714892318136566,
    1.6957883102208988,
    1.6756674438861792,
    1.6527559236818408,
    1.6343907288142614,
    1.6169587062294948,
    1.6003055434812608,
    1.5840753636822669,
    1.56569961284931,
    1.5494417375754435,
    1.5345909510643754,
    1.5192064639565008,
    1.50306126181209,
    1.4907585572605124,
    1.4761474023392596,
    1.4666820150371802,
    1.4582133966247963,
    1.4525576227282717,
    1.4494639401810874,
    1.4446884702498144,
    1.544758126268732,
    1.5412896058546053,
    1.530831286675136,
    1.5224624644399845,
    1.5134517571629258,
    1.5045909684563363,
    1.4961173666825578,
    1.4867613739811019,
    1.4771186753446832,
    1.4674230670410566
  ],
  "train_acc": [
    80.76181275125984,
    82.52045467414077,
    83.88185833191778,
    84.85964837778155,
    85.48638242455127,
    86.13505747126436,
    86.61988279259386,
    87.01906743672498,
    87.31757120208368,
    87.47858983070041,
    86.49478370420701,
    86.899453598324,
    87.27280448445728,
    87.74559764452749,
    88.08267510333503,
    88.4431091104694,
    88.78567181926277,
    89.08559113300493,
    89.47150501104127,
    89.7516066474152,
    90.07028197723798,
    90.38718787158146,
    90.66516618538022,
    90.91731074118114,
    91.19175018402129,
    91.41929958665987,
    91.59872034426137,
    91.65781948927014,
    91.72700441651097,
    91.82520808561236,
    89.88484513900686,
    89.94589066304286,
    90.18901109789932,
    90.33021204914785,
    90.53528962119925,
    90.65384179831267,
    90.85679604778892,
    91.04771813600588,
    91.22183058716948,
    91.41505294150954
  ],
  "val_loss": [
    1.9159069252762817,
    1.854396882408483,
    1.7852967011467846,
    1.7695502080203254,
    1.7426177991761103,
    1.716528281641467,
    1.7023208730174724,
    1.6833346237019065,
    1.6816562513510387,
    1.6741251205476586,
    1.7223533175993657,
    1.721649667059166,
    1.6913453176401663,
    1.6745036790048442,
    1.666273631911347,
    1.6629689831088708,
    1.6691602867294624,
    1.6365708818182276,
    1.6348127060466342,
    1.622637257915764,
    1.6214337965140595,
    1.616021237367593,
    1.6051016415374866,
    1.6074762944725975,
    1.6029546625084348,
    1.6020018193456862,
    1.605310347777058,
    1.6036230317060498,
    1.607108819167971,
    1.6044675008110378,
    1.677414402005753,
    1.6345146171712646,
    1.6397032992563385,
    1.6328777107927535,
    1.6493893925118561,
    1.6228401060553566,
    1.6306692291285105,
    1.6441189353016838,
    1.652760455717787,
    1.6432543494851117
  ],
  "val_acc": [
    81.90731510849318,
    83.48940240648442,
    84.93304133313195,
    85.40376579570055,
    85.8681971504808,
    86.33136988370337,
    86.7039218647737,
    87.05256003624831,
    87.15324976086191,
    87.27281880884055,
    86.27850777828122,
    86.29990434476161,
    86.68378391985098,
    87.2287670543221,
    87.5144741479132,
    87.47545687962544,
    87.3974223430499,
    88.07581936263405,
    88.28978502743794,
    88.32628505261037,
    88.53395760962593,
    88.7756129486986,
    88.90525096913859,
    88.90021648290792,
    89.11292352615415,
    89.12928560640387,
    89.1154407692695,
    89.18844081961436,
    89.12299249861552,
    89.20480289986406,
    87.67683632885263,
    88.25957811005387,
    88.40306096762825,
    88.30362986457232,
    88.09973317222978,
    88.51256104314554,
    88.22181946332377,
    88.34138851130243,
    88.29104364899561,
    88.45466445149273
  ],
  "posture_acc": [
    59.40567890046821,
    63.34390575441776,
    67.1273221567739,
    68.70185772541912,
    69.61939284096059,
    70.30660021144843,
    71.76785983990334,
    72.22096360066455,
    72.54191209787041,
    72.87796405376831,
    70.21220359462316,
    70.68796254342244,
    71.1184111161456,
    72.52303277450537,
    73.508533454161,
    72.9836882646126,
    73.25932638574234,
    74.53934450989277,
    74.86029300709862,
    75.32094849720586,
    75.40779338468509,
    76.24981120676635,
    76.21582842470926,
    76.6425011327594,
    76.86905301314,
    76.97477722398429,
    77.10693248753965,
    77.13336354025071,
    76.91813925388914,
    77.24663948044102,
    73.44811961939284,
    74.8867240598097,
    74.95468962392388,
    75.09439661682525,
    75.07929315813321,
    75.38891406132004,
    75.01887932336506,
    75.17368977495846,
    75.12460353420933,
    75.0377586467301
  ],
  "stress_acc": [
    86.31626642501132,
    87.12430146503549,
    87.67180184262196,
    87.50943966168252,
    87.9851986104818,
    88.68750943966168,
    88.34390575441776,
    88.93671650808035,
    88.9178371847153,
    88.94049237275335,
    88.62331974022051,
    88.21175049086241,
    88.93294064340733,
    89.16326838846096,
    89.03488898957862,
    89.44268237426371,
    88.93294064340733,
    89.68811357800936,
    90.00906207521523,
    89.65790666062529,
    90.19407944419272,
    90.0770276393294,
    90.49992448270655,
    90.05814831596436,
    90.46971756532245,
    90.4130795952273,
    90.23938982026884,
    90.43195891859236,
    90.45083824195741,
    90.36776921915119,
    89.58238936716508,
    89.8920102703519,
    90.25449327896088,
    89.81649297689171,
    89.21990635855612,
    90.1487690681166,
    89.64657906660625,
    89.8504757589488,
    89.74852741277752,
    90.32623470774807
  ],
  "trajectory_acc": [
    100.0,
    100.0,
    100.0,
    100.0,
    100.0,
    100.0,
    100.0,
    100.0,
    100.0,
    100.0,
    100.0,
    100.0,
    100.0,
    100.0,
    100.0,
    100.0,
    100.0,
    100.0,
    100.0,
    100.0,
    100.0,
    100.0,
    100.0,
    100.0,
    100.0,
    100.0,
    100.0,
    100.0,
    100.0,
    100.0,
    100.0,
    100.0,
    100.0,
    100.0,
    100.0,
    100.0,
    100.0,
    100.0,
    100.0,
    100.0
  ]
}