{
  "train_loss": [
    1.432490103159632,
    1.2151318828974451,
    1.129202691572053,
    1.0611046250377383,
    1.0166460582188197,
    0.9568461503301348,
    0.9139685890504292,
    0.8812387947525296,
    0.8365858799644879,
    0.8361394481999533,
    0.82267928059612,
    0.8281271666288376,
    0.8208858317562512,
    0.8329096628086907,
    0.8262143492698669,
    0.8225861166204725,
    0.8344072292957987
  ],
  "train_acc": [
    41.244419642857146,
    51.082589285714285,
    55.29017857142857,
    58.42075892857143,
    60.340401785714285,
    62.60044642857143,
    65.12276785714286,
    65.97098214285714,
    68.54352678571429,
    68.15848214285714,
    68.58816964285714,
    68.34821428571429,
    69.12946428571429,
    68.49330357142857,
    68.68861607142857,
    68.87276785714286,
    68.48214285714286
  ],
  "val_loss": [
    1.791472523915963,
    1.54016583107534,
    1.3537960560595403,
    1.4289250251699666,
    1.506357892370615,
    1.368516671608706,
    1.6691864939009557,
    1.4433858863642959,
    1.444458049828889,
    1.4735923233579418,
    1.4465503185743191,
    1.3212391472742206,
    1.4408417107140432,
    1.4666158256472135,
    1.4061585640321013,
    1.4238401385115795,
    1.4651068605360438
  ],
  "val_acc": [
    37.63664757938574,
    43.72722540343571,
    47.78761061946903,
    48.62051015096304,
    47.91775117126497,
    51.717855283706406,
    47.50130140551796,
    51.09318063508589,
    51.79593961478397,
    50.75481520041645,
    51.847995835502346,
    53.64393545028631,
    51.431546069755335,
    51.27537740760021,
    52.39458615304529,
    52.238417490890164,
    51.11920874544508
  ]
}