{
  "train_loss": [
    1.5283094347836164,
    1.2612793305109251,
    1.1997630035562137,
    1.1656526689487408,
    1.1330057801391584,
    1.1116221309495917,
    1.0860606367630055,
    1.063423864510616,
    1.0483615962944366,
    1.0314078619826732,
    1.027647511680746,
    1.011982863038647,
    0.9961736778593273,
    0.9803985969085526,
    0.9626293483022026,
    0.965858440698506,
    0.9549051609858542,
    0.953662366003192,
    0.9288890796348387,
    0.9283679936425802
  ],
  "train_acc": [
    36.02009911894273,
    47.301762114537446,
    51.300936123348016,
    53.242015418502206,
    54.82516519823788,
    56.07103524229075,
    57.61288546255506,
    58.36316079295154,
    59.464482378854626,
    60.78606828193833,
    60.98568281938326,
    61.6602422907489,
    61.618942731277535,
    62.76844713656388,
    63.24339207048458,
    63.09196035242291,
    63.91795154185022,
    63.78028634361233,
    65.42538546255507,
    65.0261563876652
  ],
  "val_loss": [
    1.377308851220706,
    1.5039838721691552,
    1.4175820342709309,
    1.4332501948168435,
    1.3065103090415566,
    1.462225680778448,
    1.480261245359087,
    1.4213528033463199,
    1.4533639657006714,
    1.5773572798358326,
    1.5795110373534533,
    1.4980279521849773,
    1.5009389155100101,
    1.575900731179818,
    1.6511022191648044,
    1.5997241235926711,
    1.5559804076035721,
    1.8402331328565213,
    1.5497508264590985,
    1.6651732470235872
  ],
  "val_acc": [
    48.288656671210056,
    49.538088747539,
    52.241405421777976,
    52.506436468272,
    55.565651976374376,
    54.687263365137056,
    55.59594123883083,
    57.33757383007724,
    57.019536574284416,
    55.497501135847344,
    56.724216265333936,
    57.526881720430104,
    57.67075571709829,
    58.04179918218991,
    57.43601393306073,
    59.397243677116464,
    58.905043162199,
    57.27699530516432,
    59.53354535817053,
    59.20793578676359
  ]
}