{
  "train_loss": [
    1.4032018998494515,
    1.1752040569598858,
    1.1067555741621897,
    1.0581137446256785,
    1.036347115269074,
    1.0080080467921038,
    0.985853870327656,
    0.9733895705296443,
    0.9532921532025704,
    0.9424419414538604,
    0.9313212117323508,
    0.9050257131457329,
    0.9029202306499848,
    0.8824042179263555,
    0.8777732488054496,
    0.8626773019249623,
    0.8539299082297546,
    0.8465886253577012,
    0.8321715048872508,
    0.8309583148131003,
    0.8159319357230113,
    0.8013803265415705,
    0.7970634824954547,
    0.7851341447004905,
    0.7805281103803561,
    0.7698127369468029,
    0.7606214307821714,
    0.7568012653635099,
    0.7491107571583527,
    0.7460259233529751,
    0.7311139616828698,
    0.7285836247297434,
    0.717446795449807,
    0.7190540398542697,
    0.7108109547541692,
    0.7081061825156212,
    0.7029040272419269,
    0.7036780376846974,
    0.6962488924081509,
    0.7027270983044918
  ],
  "train_acc": [
    47.58864182692308,
    60.29146634615385,
    64.58082932692308,
    66.93209134615384,
    68.27674278846153,
    70.18479567307692,
    71.15384615384616,
    71.83743990384616,
    73.06189903846153,
    73.82061298076923,
    74.21875,
    75.86388221153847,
    76.21694711538461,
    76.71274038461539,
    77.40384615384616,
    78.36538461538461,
    78.57572115384616,
    78.95883413461539,
    79.85276442307692,
    79.77013221153847,
    80.96454326923077,
    81.65564903846153,
    81.63311298076923,
    82.18900240384616,
    82.51953125,
    82.89513221153847,
    83.81911057692308,
    83.81911057692308,
    84.4501201923077,
    84.47265625,
    85.29897836538461,
    85.29897836538461,
    86.09525240384616,
    86.00510817307692,
    86.51592548076923,
    86.62860576923077,
    86.70372596153847,
    86.80138221153847,
    87.19200721153847,
    86.96664663461539
  ],
  "val_loss": [
    1.3998692872676444,
    1.2970789804103526,
    1.2764921162990814,
    1.289275233415847,
    1.3592213557121602,
    1.2037380585011015,
    1.2129937036240355,
    1.260196694034211,
    1.2632572974296326,
    1.2751544530087329,
    1.2180590528122923,
    1.2722298021012164,
    1.3259033516366432,
    1.2868137105982353,
    1.2482355915485543,
    1.297965872160932,
    1.277866318821907,
    1.296330694188463,
    1.382424792076679,
    1.2105009936271829,
    1.2646479283241516,
    1.329171950512744,
    1.1989124410964074,
    1.2474614914427413,
    1.2832773527566423,
    1.305423377676213,
    1.3589575845510402,
    1.255442850767298,
    1.3063964244533093,
    1.2803027991284714,
    1.3142581005045708,
    1.2920893059766039,
    1.3211425726718091,
    1.2857252226230946,
    1.2663781814118649,
    1.3230059099324205,
    1.299445131040634,
    1.2890199765245964,
    1.3015329568309988,
    1.300472190722506
  ],
  "val_acc": [
    50.418130122094,
    55.19317611640743,
    58.99816022746278,
    58.47967887606623,
    56.86569660478341,
    60.57032948653621,
    62.34320120421475,
    60.81284495735073,
    61.782906840608796,
    61.130623850142165,
    63.43870212410102,
    61.205887272119085,
    60.662318113396886,
    61.43167753804984,
    62.81986954340191,
    61.42331493560796,
    62.201036962702794,
    62.18431175781903,
    59.47482856664994,
    64.33350058538217,
    63.17946144840274,
    61.26442548921224,
    65.22829904666332,
    63.973908680381335,
    63.062385014216424,
    63.505602943636056,
    60.95500919886268,
    64.29168757317277,
    63.09583542398394,
    63.840107041311256,
    62.60244187991303,
    63.64776718514802,
    63.43033952165914,
    64.25823716340525,
    64.4087640073591,
    63.4052517143335,
    64.02408429503261,
    63.998996487706975,
    64.09934771700954,
    63.58086636561298
  ]
}